calories,carbs_g,fat_g,sugar_g,sodium_mg,Actual,Predicted
233,123.7,8.1,8.8,982,1,1
218,60.5,16.3,8.2,713,1,1
195,72.8,19.3,5.6,60,1,1
959,64.5,31.4,11.7,109,0,0
232,74.5,7.0,14.8,1433,1,1
736,139.1,34.6,8.8,1675,0,0
174,9.7,21.3,12.8,657,1,1
765,46.1,42.3,32.3,1742,0,0
324,141.9,0.8,4.1,1406,1,1
172,110.6,0.5,13.2,354,1,1
1071,141.5,24.7,5.1,307,0,0
888,110.9,48.4,25.3,753,0,0
479,43.3,15.8,15.3,1151,1,1
154,32.1,4.2,15.4,1032,1,1
114,6.7,6.7,8.3,1107,1,1
1050,138.3,49.8,25.5,1524,0,0
865,32.0,52.2,3.9,1252,0,0
125,118.1,17.8,26.3,1980,0,0
315,88.2,38.3,3.9,2430,0,0
736,113.1,35.6,2.4,1456,0,0
275,23.0,4.1,4.9,1179,1,1
675,129.7,21.6,7.9,203,1,1
482,14.2,47.5,37.4,2128,0,0
608,143.4,4.0,11.4,1841,1,1
640,92.8,11.3,14.6,1803,1,1
554,65.7,25.5,9.0,2079,0,0
1132,76.5,7.1,49.2,808,0,0
584,50.9,39.4,8.5,121,0,0
174,9.7,21.3,12.8,657,1,1
612,122.0,39.3,45.0,834,0,0
188,20.3,22.6,6.9,1895,1,1
407,17.3,44.9,35.7,443,0,0
287,13.6,17.3,10.3,2434,1,1
1049,39.6,0.6,47.5,90,0,0
1084,128.7,11.8,22.0,1282,0,0
122,110.3,8.9,3.0,869,1,1
161,72.1,48.1,12.4,833,0,0
138,44.8,22.3,9.7,2271,1,1
410,41.7,20.5,9.1,1998,1,1
635,47.4,24.1,2.1,1088,1,1
333,130.0,16.6,19.0,2416,1,1
249,91.2,11.3,3.5,2354,1,1
150,42.0,3.2,18.5,1849,1,1
477,118.9,49.5,4.0,917,0,0
374,134.4,10.4,8.3,714,1,1
798,100.2,8.9,9.6,1400,0,0
143,94.5,15.7,13.0,348,1,1
675,129.7,21.6,7.9,203,1,1
149,142.3,6.4,13.4,110,1,1
1086,87.5,57.6,18.7,1729,0,0
546,108.5,46.7,30.5,435,0,0
301,140.1,12.7,0.1,1441,1,1
131,10.2,24.8,16.4,1369,1,1
504,68.7,15.8,17.8,1833,1,1
669,91.7,17.9,17.0,764,1,1
219,106.0,14.3,7.6,1300,1,1
522,40.6,28.5,31.4,2280,0,0
430,93.6,20.0,5.7,2048,1,1
1169,75.7,27.2,11.6,1993,0,0
153,79.0,23.3,8.5,1581,1,1
640,92.8,11.3,14.6,1803,1,1
589,79.6,37.7,34.6,775,0,0
654,123.5,30.2,19.2,313,0,0
545,96.3,9.8,16.0,233,1,1
223,48.8,22.7,18.4,2171,1,1
810,91.7,0.4,32.2,1123,0,0
415,131.5,4.5,25.1,141,0,0
469,60.4,18.4,8.1,342,1,1
939,109.1,24.6,3.8,2333,0,0
913,72.4,59.6,14.2,901,0,0
383,39.8,41.7,10.8,1599,0,0
841,133.9,55.6,10.8,748,0,0
906,4.0,37.6,14.3,2326,0,0
859,141.3,11.0,48.1,1777,0,0
225,118.2,12.8,6.7,983,1,1
635,47.4,24.1,2.1,1088,1,1
225,118.2,12.8,6.7,983,1,1
138,73.6,14.0,9.1,1036,1,1
413,123.7,46.8,6.2,1003,0,0
793,71.1,20.1,18.6,1418,0,0
239,103.4,52.6,44.4,114,0,0
325,62.6,3.3,33.3,609,0,0
644,9.2,3.6,49.6,2417,0,0
1161,24.1,0.8,22.2,1409,0,0
328,40.9,2.7,5.3,799,1,1
755,19.9,24.8,20.7,576,0,0
614,36.9,13.3,12.7,2233,1,1
570,133.4,8.1,17.4,1763,1,1
516,54.5,18.5,7.4,2377,1,1
479,43.3,15.8,15.3,1151,1,1
681,32.2,1.3,35.2,2268,0,0
675,129.7,21.6,7.9,203,1,1
843,116.8,30.4,34.4,1206,0,0
101,119.3,36.2,5.6,2228,0,0
1045,109.3,7.9,45.6,666,0,0
411,47.5,2.4,48.7,1472,0,0
312,95.0,4.0,8.0,2158,1,1
164,43.4,40.2,6.1,1532,0,0
635,47.4,24.1,2.1,1088,1,1
478,83.6,2.7,10.1,322,1,1
278,137.4,51.2,32.6,464,0,0
552,113.1,27.9,4.9,1542,0,0
487,72.0,16.3,6.8,621,1,1
531,74.1,4.3,2.8,648,1,1
1095,139.9,53.1,36.8,1197,0,0
533,1.5,11.1,10.3,1581,1,1
484,130.3,0.1,1.6,411,1,1
944,130.5,41.5,14.4,1020,0,0
421,47.8,56.0,16.9,1698,0,0
332,7.5,10.3,15.4,2265,1,1
1001,69.8,1.2,29.1,86,0,0
504,68.7,15.8,17.8,1833,1,1
542,60.8,24.2,23.4,2386,0,0
506,50.5,5.2,9.2,983,1,1
657,88.0,6.8,11.6,261,1,1
551,0.4,6.7,6.3,2053,1,1
280,112.3,15.9,7.9,1943,1,1
1127,61.6,42.8,6.9,1327,0,0
593,26.3,23.1,0.1,463,1,1
441,115.2,45.7,26.2,568,0,0
1116,38.4,57.0,16.6,1701,0,0
194,113.8,31.8,31.6,509,0,0
1063,141.7,41.4,34.3,312,0,0
593,26.3,23.1,0.1,463,1,1
232,74.5,7.0,14.8,1433,1,1
1063,11.4,40.0,27.4,218,0,0
410,132.4,4.2,11.2,240,1,1
328,99.7,9.2,4.8,80,1,1
237,59.4,31.3,5.5,1314,0,0
991,100.9,5.1,37.2,394,0,0
154,32.1,4.2,15.4,1032,1,1
609,84.0,19.4,18.7,1555,1,1
649,122.1,14.4,34.0,638,0,0
698,25.6,13.5,12.3,178,1,1
289,141.9,15.3,1.8,108,1,1
151,94.9,1.1,18.9,1902,1,1
319,43.3,16.4,14.5,1725,1,1
691,137.2,18.7,0.0,2424,1,1
1031,103.4,44.6,10.1,62,0,0
850,18.8,39.1,6.5,2361,0,0
436,21.3,42.2,22.0,512,0,0
960,108.6,11.0,30.8,1239,0,0
935,88.2,0.8,23.4,1597,0,0
471,56.5,19.9,7.1,1910,1,1
329,42.3,1.6,21.5,856,0,0
996,59.1,32.6,46.2,117,0,0
949,119.6,59.0,4.6,1364,0,0
864,90.4,10.5,33.3,1380,0,0
608,143.4,4.0,11.4,1841,1,1
541,80.7,31.9,7.0,65,0,0
711,24.2,2.2,44.1,1627,0,0
950,14.7,5.2,9.1,2294,0,0
299,19.6,13.1,17.2,183,1,1
1064,88.1,36.1,46.0,2202,0,0
287,13.6,17.3,10.3,2434,1,1
479,43.3,15.8,15.3,1151,1,1
817,82.8,27.2,42.3,766,0,0
395,114.0,0.8,4.0,247,1,1
484,130.3,0.1,1.6,411,1,1
491,62.1,53.2,11.2,1371,0,0
365,136.8,2.3,14.9,1258,1,1
1012,0.4,44.4,29.8,1470,0,0
237,3.8,6.6,19.0,1838,1,1
306,95.4,11.8,25.1,2131,0,0
223,48.8,22.7,18.4,2171,1,1
335,26.5,38.4,29.6,262,0,0
734,129.8,37.4,12.6,1808,0,0
863,69.1,11.6,24.7,91,0,0
220,91.3,46.8,32.7,1285,0,0
237,3.8,6.6,19.0,1838,1,1
350,112.5,12.7,13.3,1728,1,1
1181,1.2,32.3,15.9,364,0,0
533,1.5,11.1,10.3,1581,1,1
224,88.3,2.3,2.8,241,1,1
607,39.8,13.9,14.5,1880,1,1
213,115.1,18.5,7.4,1538,1,1
675,42.1,54.0,7.1,1275,0,0
322,80.4,24.5,17.3,2002,1,1
818,34.3,33.9,36.6,358,0,0
195,72.8,19.3,5.6,60,1,1
339,9.2,4.3,17.9,2396,1,1
282,99.7,7.4,2.8,2381,1,1
309,43.5,57.1,26.5,1878,0,0
471,23.3,9.2,20.1,623,0,0
168,73.6,32.2,8.6,178,0,0
1000,74.2,12.0,22.9,2482,0,0
139,1.4,12.7,12.9,2208,1,1
528,126.8,6.8,42.3,817,0,0
339,9.2,4.3,17.9,2396,1,1
406,115.5,8.2,14.6,1868,1,1
513,84.3,4.1,19.7,1340,1,1
881,148.5,21.9,43.7,630,0,0
792,60.1,41.6,10.7,1033,0,0
395,114.0,0.8,4.0,247,1,1
680,4.5,10.7,12.0,1137,1,1
1054,59.9,32.2,43.2,1060,0,0
591,146.3,27.5,26.0,1012,0,0
328,99.7,9.2,4.8,80,1,1
565,30.8,15.1,4.5,2452,1,1
844,36.6,48.7,21.9,1575,0,0
393,148.6,6.3,19.9,713,1,1
748,16.2,19.1,24.3,1557,0,0
181,82.5,50.4,1.9,2295,0,0
836,108.8,7.8,20.4,565,0,0
150,65.1,0.5,15.9,89,1,1
640,92.8,11.3,14.6,1803,1,1
851,122.9,0.8,4.2,812,0,0
172,110.6,0.5,13.2,354,1,1
582,95.1,14.6,13.5,86,1,1
604,145.7,56.2,16.4,1073,0,0
383,87.5,56.0,38.3,2043,0,0
1025,43.5,46.0,20.7,303,0,0
1142,39.2,30.4,44.9,1115,0,0
484,72.9,11.7,12.1,1844,1,1
387,143.8,10.7,3.8,1498,1,1
312,95.0,4.0,8.0,2158,1,1
299,19.6,13.1,17.2,183,1,1
919,135.5,48.2,3.1,1744,0,0
607,39.8,13.9,14.5,1880,1,1
527,129.0,34.9,37.8,1531,0,0
255,46.8,19.5,6.5,1794,1,1
354,92.8,0.8,35.0,1398,0,0
404,128.3,12.1,10.9,1434,1,1
219,106.0,14.3,7.6,1300,1,1
249,91.2,11.3,3.5,2354,1,1
461,116.0,14.7,9.5,1314,1,1
433,104.9,23.4,10.8,1025,1,1
492,77.8,26.4,14.3,343,0,0
478,68.5,33.5,16.1,249,0,0
139,1.4,12.7,12.9,2208,1,1
506,50.5,5.2,9.2,983,1,1
384,81.4,1.6,1.4,2227,1,1
196,27.2,24.0,18.2,2467,1,1
420,41.6,13.0,1.9,257,1,1
851,111.0,47.9,19.2,2247,0,0
301,140.1,12.7,0.1,1441,1,1
370,104.4,4.1,12.2,514,1,1
328,40.9,2.7,5.3,799,1,1
504,68.7,15.8,17.8,1833,1,1
304,127.4,23.2,10.4,1065,1,1
511,103.6,46.1,43.4,1197,0,0
199,10.2,23.2,7.0,916,1,1
1155,146.8,52.7,14.7,1925,0,0
188,121.1,15.7,31.9,1030,0,0
867,98.3,37.2,11.7,2076,0,0
433,104.9,23.4,10.8,1025,1,1
487,72.0,16.3,6.8,621,1,1
961,82.6,48.8,37.3,2182,0,0
406,115.5,8.2,14.6,1868,1,1
324,47.3,58.3,43.6,1195,0,0
565,78.3,8.9,5.2,805,1,1
918,148.5,19.7,32.9,2493,0,0
299,19.6,13.1,17.2,183,1,1
897,17.5,32.8,22.2,690,0,0
494,32.6,12.1,2.3,699,1,1
536,9.0,22.2,7.6,1310,1,1
1159,21.6,3.8,7.5,92,0,0
788,128.8,2.6,33.7,1625,0,0
551,137.1,28.8,10.3,1187,0,0
306,66.9,19.8,8.6,1416,1,1
150,85.7,10.2,6.4,1710,1,1
122,110.3,8.9,3.0,869,1,1
131,10.2,24.8,16.4,1369,1,1
339,9.2,4.3,17.9,2396,1,1
624,78.0,17.5,36.1,1429,0,0
570,133.4,8.1,17.4,1763,1,1
570,133.4,8.1,17.4,1763,1,1
1026,18.8,26.4,38.9,225,0,0
402,63.2,36.0,48.7,780,0,0
1189,83.7,39.3,31.2,236,0,0
265,55.7,47.9,4.9,1531,0,0
565,78.3,8.9,5.2,805,1,1
969,84.6,47.9,43.8,1459,0,0
225,118.2,12.8,6.7,983,1,1
647,113.5,48.6,30.9,1380,0,0
1191,72.8,35.9,1.0,248,0,0
941,68.8,40.4,32.8,206,0,0
669,91.7,17.9,17.0,764,1,1
431,8.6,4.1,12.8,1630,1,1
565,78.3,8.9,5.2,805,1,1
1124,40.0,8.2,16.6,1093,0,0
322,80.4,24.5,17.3,2002,1,1
346,57.6,9.3,2.3,1581,1,1
299,19.6,13.1,17.2,183,1,1
350,112.5,12.7,13.3,1728,1,1
180,45.5,16.8,9.5,1560,1,1
210,93.2,18.5,6.4,1939,1,1
210,93.2,18.5,6.4,1939,1,1
633,84.7,51.7,45.6,2014,0,0
497,48.9,53.5,2.9,2329,0,0
513,84.3,4.1,19.7,1340,1,1
355,141.2,14.4,7.7,1712,1,1
355,141.2,14.4,7.7,1712,1,1
471,56.5,19.9,7.1,1910,1,1
130,3.0,37.2,14.3,1874,0,0
225,118.2,12.8,6.7,983,1,1
219,106.0,14.3,7.6,1300,1,1
351,119.0,18.9,1.5,840,1,1
621,145.5,32.0,45.2,274,0,0
432,81.7,12.3,10.1,1573,1,1
698,25.6,13.5,12.3,178,1,1
395,114.0,0.8,4.0,247,1,1
365,136.8,2.3,14.9,1258,1,1
465,61.2,18.0,17.4,396,1,1
282,99.7,7.4,2.8,2381,1,1
688,125.7,20.7,22.6,801,0,0
856,147.4,26.5,14.5,138,0,0
122,110.3,8.9,3.0,869,1,1
669,91.7,17.9,17.0,764,1,1
322,80.4,24.5,17.3,2002,1,1
431,8.6,4.1,12.8,1630,1,1
430,93.6,20.0,5.7,2048,1,1
185,95.2,23.8,0.4,1608,1,1
907,147.3,56.8,13.9,1322,0,0
901,102.0,29.0,18.3,810,0,0
713,90.8,7.8,29.4,983,0,0
795,9.0,42.0,34.5,1746,0,0
998,141.8,41.6,25.5,864,0,0
232,74.5,7.0,14.8,1433,1,1
840,64.8,50.2,5.8,2096,0,0
139,1.4,12.7,12.9,2208,1,1
457,125.4,59.2,10.6,1551,0,0
657,88.0,6.8,11.6,261,1,1
432,81.7,12.3,10.1,1573,1,1
311,67.9,1.5,32.0,2295,0,0
1041,39.7,31.3,16.3,2221,0,0
465,61.2,18.0,17.4,396,1,1
432,81.7,12.3,10.1,1573,1,1
704,89.0,45.1,21.0,601,0,0
642,57.0,19.6,42.7,1757,0,0
143,94.5,15.7,13.0,348,1,1
139,102.4,45.4,2.2,855,0,0
611,67.7,51.7,4.8,486,0,0
1044,83.8,44.1,10.7,894,0,0
641,27.2,14.6,4.8,1507,1,1
959,57.6,32.5,29.3,1260,0,0
606,120.7,11.9,12.8,1598,1,1
1110,97.4,21.4,12.6,1187,0,0
346,57.6,9.3,2.3,1581,1,1
911,126.0,4.3,38.5,1878,0,0
249,91.2,11.3,3.5,2354,1,1
132,38.2,23.4,23.5,674,0,0
621,118.9,15.3,19.1,852,1,1
674,126.6,31.9,18.7,1920,0,0
570,133.4,8.1,17.4,1763,1,1
567,30.7,14.9,24.4,1428,0,0
226,69.6,18.9,16.6,422,1,1
387,143.8,10.7,3.8,1498,1,1
186,137.2,8.7,14.2,2293,1,1
1015,136.0,18.6,1.6,1177,0,0
725,6.9,30.9,1.3,1553,0,0
559,136.2,5.4,13.5,997,1,1
200,18.6,5.6,18.5,1310,1,1
249,22.6,17.9,0.1,2466,1,1
177,24.4,12.9,13.6,1612,1,1
410,132.4,4.2,11.2,240,1,1
431,8.6,4.1,12.8,1630,1,1
365,136.8,2.3,14.9,1258,1,1
194,48.2,58.8,8.4,1844,0,0
1038,75.8,15.8,12.4,2004,0,0
751,91.8,0.4,3.2,133,0,0
692,144.3,12.8,34.8,1058,0,0
721,123.8,33.3,38.5,951,0,0
125,105.9,10.0,9.8,329,1,1
329,86.8,52.7,40.6,838,0,0
262,122.6,2.8,48.4,1183,0,0
116,139.0,1.8,0.8,2188,1,1
727,12.4,35.8,13.4,1831,0,0
831,71.9,6.0,16.3,220,0,0
581,30.0,28.6,34.5,332,0,0
138,44.8,22.3,9.7,2271,1,1
909,61.4,50.5,6.3,1316,0,0
995,22.1,16.3,1.8,2389,0,0
370,104.4,4.1,12.2,514,1,1
519,97.4,14.4,11.5,327,1,1
423,144.1,12.4,18.3,2489,1,1
1152,124.6,40.4,0.3,1433,0,0
899,47.2,19.3,11.0,843,0,0
484,130.3,0.1,1.6,411,1,1
602,11.7,43.9,4.6,359,0,0
431,8.6,4.1,12.8,1630,1,1
296,52.9,47.2,11.2,587,0,0
237,3.8,6.6,19.0,1838,1,1
376,136.0,4.9,8.1,1118,1,1
333,130.0,16.6,19.0,2416,1,1
504,68.7,15.8,17.8,1833,1,1
852,63.0,32.9,34.9,331,0,0
232,74.5,7.0,14.8,1433,1,1
174,9.7,21.3,12.8,657,1,1
1041,38.3,56.4,25.0,759,0,0
565,30.8,15.1,4.5,2452,1,1
370,113.0,48.7,45.1,1396,0,0
592,95.1,14.3,16.6,1528,1,1
545,16.9,37.4,16.9,1930,0,0
292,124.6,56.7,17.3,828,0,0
711,84.4,14.7,14.7,159,0,0
423,144.1,12.4,18.3,2489,1,1
275,23.0,4.1,4.9,1179,1,1
695,78.0,15.2,34.3,2468,0,0
595,31.4,51.6,31.9,2266,0,0
124,57.9,25.4,39.1,908,0,0
551,0.4,6.7,6.3,2053,1,1
457,77.9,55.6,26.6,1726,0,0
533,139.7,37.8,8.4,1467,0,0
1176,113.6,27.3,12.9,1674,0,0
992,21.3,57.2,23.9,1777,0,0
213,115.1,18.5,7.4,1538,1,1
304,127.4,23.2,10.4,1065,1,1
177,57.9,0.1,4.5,933,1,1
446,12.1,1.1,19.8,1482,1,1
432,81.7,12.3,10.1,1573,1,1
715,7.7,20.9,16.2,2271,0,0
777,51.0,36.1,24.2,1060,0,0
419,29.8,57.2,49.4,2377,0,0
331,38.6,15.7,7.3,238,1,1
614,36.9,13.3,12.7,2233,1,1
152,30.3,42.9,46.2,2146,0,0
614,36.9,13.3,12.7,2233,1,1
494,32.6,12.1,2.3,699,1,1
1175,97.5,34.3,41.0,1110,0,0
149,106.0,38.6,42.9,2207,0,0
305,33.4,50.3,21.2,971,0,0
396,63.0,15.1,47.5,1203,0,0
848,101.4,40.0,44.2,2234,0,0
423,144.1,12.4,18.3,2489,1,1
664,36.3,17.8,11.3,1528,1,1
342,148.9,0.5,5.6,215,1,1
617,149.1,7.0,43.8,1723,0,0
257,119.6,31.5,49.4,1648,0,0
376,136.0,4.9,8.1,1118,1,1
880,13.8,5.8,12.3,188,0,0
662,85.0,23.2,19.6,2293,1,1
1161,36.1,43.1,0.4,1338,0,0
922,130.3,14.8,9.6,1781,0,0
143,94.5,15.7,13.0,348,1,1
333,130.0,16.6,19.0,2416,1,1
726,65.7,25.0,39.5,2271,0,0
332,7.5,10.3,15.4,2265,1,1
849,54.9,50.1,26.2,908,0,0
480,11.3,33.5,40.6,180,0,0
945,97.8,28.3,26.5,1206,0,0
140,132.3,26.5,16.2,1231,0,0
872,4.1,4.2,1.5,1500,0,0
249,91.2,11.3,3.5,2354,1,1
765,96.3,20.1,29.9,690,0,0
321,32.5,40.8,40.1,1477,0,0
365,136.8,2.3,14.9,1258,1,1
241,16.6,40.8,27.7,2374,0,0
1179,42.9,37.7,26.7,557,0,0
981,73.4,15.9,44.0,465,0,0
283,141.6,53.6,5.0,2297,0,0
150,42.0,3.2,18.5,1849,1,1
438,94.3,37.1,42.5,930,0,0
339,9.2,4.3,17.9,2396,1,1
535,57.0,40.9,41.5,1258,0,0
956,102.2,2.4,4.3,2254,0,0
1176,141.6,19.2,39.3,431,0,0
544,138.8,16.2,9.0,993,1,1
387,143.8,10.7,3.8,1498,1,1
131,10.2,24.8,16.4,1369,1,1
379,133.0,1.1,3.6,364,1,1
485,41.9,34.0,31.0,266,0,0
597,4.0,12.4,18.1,2328,1,1
210,104.3,26.3,18.2,1460,0,0
415,22.0,42.7,35.9,1277,0,0
333,130.0,16.6,19.0,2416,1,1
341,77.7,0.1,9.0,398,1,1
277,119.9,5.3,6.6,1270,1,1
150,85.7,10.2,6.4,1710,1,1
857,92.4,26.1,13.1,443,0,0
591,110.7,14.1,13.6,2213,1,1
256,3.1,50.4,21.7,1606,0,0
1082,81.9,14.9,23.1,1501,0,0
887,59.7,23.4,28.1,797,0,0
533,120.9,55.4,24.9,1321,0,0
322,80.4,24.5,17.3,2002,1,1
559,136.2,5.4,13.5,997,1,1
1105,17.6,56.8,21.3,1736,0,0
395,54.8,46.9,12.0,897,0,0
433,104.9,23.4,10.8,1025,1,1
153,48.5,1.7,49.0,2063,0,0
1128,29.4,39.8,0.9,196,0,0
539,9.6,53.4,2.6,289,0,0
728,55.0,4.1,34.6,136,0,0
540,139.0,2.7,5.4,1490,1,1
558,149.2,17.1,15.6,1442,1,1
595,27.2,3.4,14.4,148,1,1
1094,2.5,0.6,35.7,2279,0,0
180,45.5,16.8,9.5,1560,1,1
146,32.3,17.1,24.1,2450,0,0
874,80.3,34.8,42.0,1904,0,0
346,3.4,26.6,35.0,1945,0,0
1184,106.6,35.8,11.9,1482,0,0
402,144.2,0.8,1.2,2308,1,1
182,144.4,0.1,38.6,423,0,0
1081,9.1,56.0,28.8,1027,0,0
1090,109.8,43.0,13.1,467,0,0
431,8.6,4.1,12.8,1630,1,1
124,110.7,55.0,10.5,1682,0,0
1029,38.3,36.0,2.6,2272,0,0
504,74.7,12.3,48.5,2189,0,0
487,47.4,37.7,19.7,382,0,0
219,106.0,14.3,7.6,1300,1,1
370,104.4,4.1,12.2,514,1,1
1143,24.7,59.2,9.6,2033,0,0
131,10.2,24.8,16.4,1369,1,1
1026,72.5,52.1,33.6,1942,0,0
1118,135.5,49.7,7.4,757,0,0
152,109.6,16.8,37.2,1704,0,0
636,123.0,9.1,7.6,1995,1,1
1150,25.4,57.5,9.2,268,0,0
458,102.5,57.5,46.1,1042,0,0
699,79.2,44.4,14.4,1857,0,0
226,69.6,18.9,16.6,422,1,1
406,115.5,8.2,14.6,1868,1,1
275,23.0,4.1,4.9,1179,1,1
736,20.8,54.9,0.2,540,0,0
151,94.9,1.1,18.9,1902,1,1
224,88.3,2.3,2.8,241,1,1
471,56.5,19.9,7.1,1910,1,1
410,41.7,20.5,9.1,1998,1,1
289,141.9,15.3,1.8,108,1,1
327,124.7,45.5,16.7,1805,0,0
232,74.5,7.0,14.8,1433,1,1
350,112.5,12.7,13.3,1728,1,1
341,77.7,0.1,9.0,398,1,1
777,5.8,27.6,46.7,2412,0,0
219,106.0,14.3,7.6,1300,1,1
224,132.1,13.8,46.5,2478,0,0
125,18.4,21.6,41.7,1927,0,0
742,10.8,59.8,10.9,357,0,0
814,39.2,34.0,43.8,1970,0,0
236,110.4,16.1,49.2,2242,0,0
150,143.7,56.1,9.8,1397,0,0
494,32.6,12.1,2.3,699,1,1
433,104.9,23.4,10.8,1025,1,1
100,132.3,31.1,9.9,1236,0,0
570,133.4,8.1,17.4,1763,1,1
437,3.4,2.7,37.7,1918,0,0
641,27.2,14.6,4.8,1507,1,1
120,39.4,43.3,5.3,1774,0,0
882,68.4,14.8,0.7,1435,0,0
382,116.0,15.3,33.0,623,0,0
847,51.7,45.8,21.1,1443,0,0
882,58.2,4.4,38.1,1708,0,0
928,83.8,41.3,21.0,1580,0,0
150,63.2,29.7,9.0,970,0,0
116,139.0,1.8,0.8,2188,1,1
301,140.1,12.7,0.1,1441,1,1
664,36.3,17.8,11.3,1528,1,1
328,40.9,2.7,5.3,799,1,1
609,84.0,19.4,18.7,1555,1,1
912,122.6,28.2,21.3,1360,0,0
186,137.2,8.7,14.2,2293,1,1
485,70.0,10.0,3.0,215,1,1
370,34.9,5.1,16.0,2309,1,1
1093,138.9,6.0,39.6,2255,0,0
479,43.3,15.8,15.3,1151,1,1
674,77.5,19.9,35.2,2122,0,0
842,140.2,40.3,31.2,958,0,0
1076,128.0,44.1,7.4,1235,0,0
485,70.0,10.0,3.0,215,1,1
958,142.7,9.8,29.6,1433,0,0
475,113.4,38.9,37.0,1940,0,0
281,62.1,20.0,46.2,313,0,0
614,36.9,13.3,12.7,2233,1,1
501,127.6,10.4,8.8,1099,1,1
715,80.2,21.7,6.8,944,0,0
150,42.0,3.2,18.5,1849,1,1
237,3.8,6.6,19.0,1838,1,1
289,141.9,15.3,1.8,108,1,1
368,90.7,11.4,20.2,1658,0,0
652,0.6,7.5,15.9,1602,1,1
597,4.0,12.4,18.1,2328,1,1
701,83.3,25.1,46.3,675,0,0
291,102.3,57.0,39.2,853,0,0
363,147.7,55.8,11.7,743,0,0
195,72.8,19.3,5.6,60,1,1
449,27.7,25.4,41.5,1834,0,0
521,108.2,59.3,30.1,1014,0,0
218,60.5,16.3,8.2,713,1,1
119,68.2,37.1,6.8,258,0,0
983,5.1,6.2,38.7,642,0,0
565,30.8,15.1,4.5,2452,1,1
361,117.8,51.1,22.1,1772,0,0
344,114.1,21.7,1.4,825,1,1
122,110.3,8.9,3.0,869,1,1
232,31.3,4.3,10.5,326,1,1
484,130.3,0.1,1.6,411,1,1
1079,124.7,45.2,27.4,411,0,0
927,29.1,54.0,29.6,2447,0,0
1027,104.8,20.2,4.5,1082,0,0
387,143.8,10.7,3.8,1498,1,1
423,144.1,12.4,18.3,2489,1,1
282,99.7,7.4,2.8,2381,1,1
485,70.0,10.0,3.0,215,1,1
222,83.2,51.8,19.9,1623,0,0
881,20.7,13.9,36.8,2177,0,0
593,18.8,32.2,14.4,1122,0,0
1100,57.9,52.6,28.2,1414,0,0
215,52.8,12.6,25.7,1527,0,0
872,104.1,52.5,25.0,1044,0,0
339,9.2,4.3,17.9,2396,1,1
662,85.0,23.2,19.6,2293,1,1
977,10.2,27.4,36.8,2416,0,0
559,136.2,5.4,13.5,997,1,1
125,128.3,4.9,30.8,1258,0,0
328,40.9,2.7,5.3,799,1,1
746,33.7,13.8,28.2,1858,0,0
299,19.6,13.1,17.2,183,1,1
725,35.1,15.1,20.9,1672,0,0
185,5.7,14.8,1.9,578,1,1
151,94.9,1.1,18.9,1902,1,1
1068,79.0,39.9,23.1,1393,0,0
331,38.6,15.7,7.3,238,1,1
277,103.5,15.0,3.7,1151,1,1
350,112.5,12.7,13.3,1728,1,1
1024,106.3,46.2,39.8,867,0,0
692,74.4,50.1,29.5,1622,0,0
844,122.7,52.9,7.9,769,0,0
748,22.8,6.0,5.7,466,0,0
539,146.6,46.2,2.5,300,0,0
232,31.3,4.3,10.5,326,1,1
260,99.4,32.6,3.8,2221,0,0
845,93.3,15.4,38.8,546,0,0
255,46.8,19.5,6.5,1794,1,1
469,128.1,6.6,9.8,441,1,1
582,95.1,14.6,13.5,86,1,1
241,53.1,28.4,0.8,700,0,0
544,138.8,16.2,9.0,993,1,1
648,108.6,23.5,3.0,2469,1,1
476,100.1,16.9,48.8,2293,0,0
139,71.2,8.5,47.1,1928,0,0
608,126.8,35.1,3.9,213,0,0
172,110.6,0.5,13.2,354,1,1
207,10.0,8.2,4.6,1832,1,1
287,4.5,36.1,16.9,2295,0,0
555,67.3,8.0,39.5,2039,0,0
819,19.7,4.3,45.8,723,0,0
233,123.7,8.1,8.8,982,1,1
350,112.5,12.7,13.3,1728,1,1
398,6.8,2.8,10.5,2328,1,1
1033,120.1,21.4,4.6,1762,0,0
149,142.3,6.4,13.4,110,1,1
370,34.9,5.1,16.0,2309,1,1
994,26.2,13.5,33.5,489,0,0
1000,136.4,23.7,27.4,1051,0,0
232,31.3,4.3,10.5,326,1,1
175,131.1,17.9,29.3,651,0,0
233,123.7,8.1,8.8,982,1,1
515,49.7,5.5,16.0,642,1,1
925,101.6,48.7,40.4,2470,0,0
578,135.3,7.4,18.7,1156,1,1
667,132.5,10.2,42.0,199,0,0
671,35.5,18.6,8.7,2231,1,1
774,3.0,31.8,2.9,1397,0,0
122,110.3,8.9,3.0,869,1,1
538,102.1,8.7,20.3,2352,0,0
390,129.9,44.7,23.2,1937,0,0
672,126.3,2.3,1.4,821,1,1
237,3.8,6.6,19.0,1838,1,1
691,137.2,18.7,0.0,2424,1,1
887,38.8,42.2,16.3,2278,0,0
116,139.0,1.8,0.8,2188,1,1
383,60.5,14.8,15.9,1544,1,1
355,101.5,26.1,46.6,1487,0,0
473,94.6,9.9,17.8,772,1,1
116,124.4,4.3,24.1,1984,0,0
942,129.1,47.3,32.3,340,0,0
887,27.1,35.7,45.5,138,0,0
365,113.4,39.7,35.4,2125,0,0
795,7.2,3.8,49.6,65,0,0
185,5.7,14.8,1.9,578,1,1
487,138.9,11.2,43.7,514,0,0
836,120.7,54.0,4.8,131,0,0
623,30.2,43.7,41.8,1707,0,0
1116,102.7,13.2,5.4,1106,0,0
989,126.0,1.0,43.9,2416,0,0
891,29.4,24.6,11.0,1986,0,0
304,127.4,23.2,10.4,1065,1,1
1197,135.8,3.1,1.3,1696,0,0
1034,135.5,0.9,48.9,898,0,0
154,32.1,4.2,15.4,1032,1,1
301,140.1,12.7,0.1,1441,1,1
703,49.0,10.6,30.2,1484,0,0
220,125.2,10.4,24.4,891,0,0
691,137.2,18.7,0.0,2424,1,1
614,36.9,13.3,12.7,2233,1,1
433,104.9,23.4,10.8,1025,1,1
139,1.4,12.7,12.9,2208,1,1
680,93.6,58.6,0.7,1492,0,0
562,98.9,56.5,11.9,357,0,0
559,136.2,5.4,13.5,997,1,1
821,39.9,31.7,1.2,2455,0,0
889,50.2,21.3,28.4,986,0,0
545,137.2,45.3,34.1,765,0,0
372,126.3,59.3,28.7,1300,0,0
928,11.8,33.1,0.6,645,0,0
469,128.1,6.6,9.8,441,1,1
909,79.1,25.9,28.4,2291,0,0
185,95.2,23.8,0.4,1608,1,1
708,52.1,34.9,43.5,2166,0,0
387,143.8,10.7,3.8,1498,1,1
1144,78.2,10.7,2.9,466,0,0
434,7.2,50.8,10.6,1790,0,0
908,56.9,15.0,48.6,2079,0,0
431,8.6,4.1,12.8,1630,1,1
685,54.2,49.2,41.9,363,0,0
312,95.0,4.0,8.0,2158,1,1
341,77.7,0.1,9.0,398,1,1
684,136.5,13.6,38.9,259,0,0
478,83.6,2.7,10.1,322,1,1
1033,61.1,48.3,46.6,745,0,0
120,74.4,10.6,7.4,1436,1,1
224,88.3,2.3,2.8,241,1,1
376,136.0,4.9,8.1,1118,1,1
1030,123.7,29.4,30.7,809,0,0
565,78.3,8.9,5.2,805,1,1
425,90.6,40.1,43.6,865,0,0
469,128.1,6.6,9.8,441,1,1
145,78.9,27.3,13.4,1702,0,0
827,7.1,40.1,24.6,385,0,0
200,18.6,5.6,18.5,1310,1,1
593,26.3,23.1,0.1,463,1,1
196,27.2,24.0,18.2,2467,1,1
131,10.2,24.8,16.4,1369,1,1
672,17.9,35.3,17.9,2443,0,0
239,51.1,58.1,34.5,1457,0,0
605,130.8,2.3,30.9,1245,0,0
1037,80.1,49.6,17.1,1319,0,0
602,94.9,22.6,17.6,2438,1,1
607,39.8,13.9,14.5,1880,1,1
213,115.1,18.5,7.4,1538,1,1
454,60.7,49.8,2.2,104,0,0
1199,17.6,52.3,25.2,226,0,0
191,20.3,34.5,9.8,1106,0,0
1100,11.7,26.6,13.1,1954,0,0
642,141.2,15.7,15.5,1456,1,1
177,24.4,12.9,13.6,1612,1,1
207,10.0,8.2,4.6,1832,1,1
372,58.0,53.4,9.6,1461,0,0
277,45.5,2.9,16.7,590,1,1
139,1.4,12.7,12.9,2208,1,1
215,58.4,56.6,22.4,1669,0,0
754,41.3,47.4,33.1,237,0,0
306,66.9,19.8,8.6,1416,1,1
545,96.3,9.8,16.0,233,1,1
566,128.3,12.2,26.5,1109,0,0
748,59.8,48.9,37.0,1242,0,0
873,91.1,29.5,32.4,1345,0,0
155,146.7,42.8,29.3,772,0,0
570,133.4,8.1,17.4,1763,1,1
592,39.0,36.0,36.9,967,0,0
367,33.1,4.1,31.6,651,0,0
716,105.0,49.9,12.2,1916,0,0
355,141.2,14.4,7.7,1712,1,1
232,31.3,4.3,10.5,326,1,1
515,49.7,5.5,16.0,642,1,1
570,22.3,39.6,40.0,1992,0,0
161,128.4,49.8,25.6,2499,0,0
659,136.9,29.3,0.5,301,0,0
365,136.8,2.3,14.9,1258,1,1
976,60.6,46.4,47.7,1353,0,0
698,19.6,0.8,1.0,1700,1,1
1091,91.4,55.4,24.1,521,0,0
114,6.7,6.7,8.3,1107,1,1
648,108.6,23.5,3.0,2469,1,1
783,141.3,3.4,43.3,2084,0,0
504,68.7,15.8,17.8,1833,1,1
494,143.4,3.0,42.0,1630,0,0
596,100.7,53.7,45.9,1073,0,0
249,91.2,11.3,3.5,2354,1,1
574,42.1,29.3,27.9,952,0,0
1132,133.6,18.0,18.7,89,0,0
517,132.2,35.0,15.6,623,0,0
210,93.2,18.5,6.4,1939,1,1
487,137.7,32.3,44.4,2130,0,0
114,6.7,6.7,8.3,1107,1,1
406,115.5,8.2,14.6,1868,1,1
172,110.6,0.5,13.2,354,1,1
1100,89.1,19.4,16.7,2215,0,0
504,68.7,15.8,17.8,1833,1,1
347,26.7,38.2,0.6,2168,0,0
675,129.7,21.6,7.9,203,1,1
772,63.0,34.3,49.1,442,0,0
1015,138.4,30.7,41.5,495,0,0
346,57.6,9.3,2.3,1581,1,1
365,136.8,2.3,14.9,1258,1,1
317,36.0,11.6,39.5,1344,0,0
154,32.1,4.2,15.4,1032,1,1
517,137.1,26.4,1.9,1955,0,0
1020,24.3,47.2,34.6,108,0,0
533,24.9,30.5,11.2,1034,0,0
265,20.4,45.6,20.4,2071,0,0
395,114.0,0.8,4.0,247,1,1
473,94.6,9.9,17.8,772,1,1
301,140.1,12.7,0.1,1441,1,1
758,85.9,11.0,26.0,2347,0,0
330,40.7,40.9,23.1,568,0,0
350,29.0,15.2,6.0,948,1,1
384,81.4,1.6,1.4,2227,1,1
106,18.3,1.7,0.8,526,1,1
306,66.9,19.8,8.6,1416,1,1
112,122.8,27.5,42.7,933,0,0
106,106.4,38.8,16.6,926,0,0
545,96.3,9.8,16.0,233,1,1
282,99.7,7.4,2.8,2381,1,1
469,128.1,6.6,9.8,441,1,1
292,146.7,8.0,4.7,1034,1,1
339,9.2,4.3,17.9,2396,1,1
661,112.0,22.9,41.0,2279,0,0
193,79.5,16.3,33.6,2066,0,0
526,122.4,15.4,4.2,369,1,1
153,110.6,45.6,39.2,610,0,0
181,95.4,58.1,41.8,1922,0,0
565,78.3,8.9,5.2,805,1,1
208,147.4,24.0,34.3,1244,0,0
1072,92.5,0.7,39.3,1215,0,0
341,77.7,0.1,9.0,398,1,1
691,137.2,18.7,0.0,2424,1,1
1063,6.7,44.9,1.3,1295,0,0
177,24.4,12.9,13.6,1612,1,1
759,52.6,0.9,34.2,1594,0,0
465,61.2,18.0,17.4,396,1,1
999,117.6,4.7,23.7,1097,0,0
259,90.3,2.4,38.0,1295,0,0
634,9.9,19.9,6.8,772,1,1
1024,115.9,56.6,6.8,1485,0,0
1072,70.9,55.5,6.6,183,0,0
301,140.1,12.7,0.1,1441,1,1
177,57.9,0.1,4.5,933,1,1
323,31.2,56.4,41.3,2439,0,0
494,32.6,12.1,2.3,699,1,1
200,18.6,5.6,18.5,1310,1,1
588,88.3,14.4,41.8,1643,0,0
845,27.3,59.1,48.9,2305,0,0
1127,17.2,31.3,22.0,1486,0,0
609,84.0,19.4,18.7,1555,1,1
662,85.0,23.2,19.6,2293,1,1
131,10.2,24.8,16.4,1369,1,1
378,60.3,57.8,31.1,1404,0,0
593,26.3,23.1,0.1,463,1,1
111,75.8,22.4,30.6,768,0,0
893,103.7,46.8,4.1,646,0,0
493,62.6,26.1,43.0,2076,0,0
177,24.4,12.9,13.6,1612,1,1
312,16.3,24.7,23.8,1921,0,0
430,93.6,20.0,5.7,2048,1,1
131,10.2,24.8,16.4,1369,1,1
143,50.0,17.2,49.4,635,0,0
138,73.6,14.0,9.1,1036,1,1
196,27.2,24.0,18.2,2467,1,1
393,148.6,6.3,19.9,713,1,1
906,53.6,4.2,18.8,328,0,0
465,61.2,18.0,17.4,396,1,1
216,9.0,58.5,22.7,1986,0,0
646,17.4,21.5,46.9,1439,0,0
1022,127.8,49.8,16.6,2026,0,0
398,6.8,2.8,10.5,2328,1,1
1182,109.5,52.5,8.1,64,0,0
1005,137.8,49.7,26.9,188,0,0
684,143.0,6.7,43.1,1872,0,0
1177,2.1,4.1,45.8,102,0,0
103,137.2,17.5,47.0,1230,0,0
1049,135.3,57.0,17.7,2440,0,0
707,81.4,48.7,47.0,1036,0,0
395,114.0,0.8,4.0,247,1,1
391,121.0,6.4,2.7,2413,1,1
768,40.2,3.9,41.3,130,0,0
1055,109.9,4.8,47.9,783,0,0
233,67.5,53.5,9.7,280,0,0
376,136.0,4.9,8.1,1118,1,1
873,143.9,31.2,28.8,659,0,0
186,52.1,45.1,10.7,500,0,0
1058,62.0,59.3,43.0,1897,0,0
504,68.7,15.8,17.8,1833,1,1
376,136.0,4.9,8.1,1118,1,1
350,29.0,15.2,6.0,948,1,1
155,101.9,4.0,23.7,2424,0,0
547,134.8,54.7,46.0,1371,0,0
519,97.4,14.4,11.5,327,1,1
688,16.1,4.1,12.0,2166,1,1
956,24.7,54.3,32.6,1472,0,0
1152,98.3,59.3,25.0,604,0,0
473,94.6,9.9,17.8,772,1,1
131,10.2,24.8,16.4,1369,1,1
673,117.5,29.4,5.4,2059,0,0
696,105.9,58.4,47.5,723,0,0
249,91.2,11.3,3.5,2354,1,1
348,17.8,45.1,10.7,1502,0,0
540,139.0,2.7,5.4,1490,1,1
541,148.3,38.0,39.1,307,0,0
402,144.2,0.8,1.2,2308,1,1
561,7.5,57.8,0.4,2125,0,0
675,129.7,21.6,7.9,203,1,1
187,29.7,18.2,34.0,2180,0,0
899,79.9,7.6,41.2,2229,0,0
835,77.9,47.7,30.1,87,0,0
661,116.0,13.5,19.1,2128,1,1
410,69.6,17.1,37.9,288,0,0
402,144.2,0.8,1.2,2308,1,1
671,35.5,18.6,8.7,2231,1,1
277,103.5,15.0,3.7,1151,1,1
1103,29.8,15.8,26.1,1850,0,0
934,28.2,12.7,8.6,608,0,0
306,34.0,57.3,29.9,1954,0,0
757,137.4,33.7,40.8,205,0,0
280,112.3,15.9,7.9,1943,1,1
1171,71.0,58.8,24.4,958,0,0
992,8.7,20.4,16.4,1356,0,0
913,136.7,25.6,16.0,1493,0,0
1117,46.5,20.9,35.9,1618,0,0
565,30.8,15.1,4.5,2452,1,1
301,140.1,12.7,0.1,1441,1,1
972,0.1,16.3,13.0,318,0,0
306,66.9,19.8,8.6,1416,1,1
304,127.4,23.2,10.4,1065,1,1
306,66.9,19.8,8.6,1416,1,1
200,18.6,5.6,18.5,1310,1,1
495,63.8,31.6,1.2,1499,0,0
213,115.1,18.5,7.4,1538,1,1
578,135.3,7.4,18.7,1156,1,1
447,94.2,41.8,44.3,1593,0,0
1185,1.2,11.4,45.7,1702,0,0
671,35.5,18.6,8.7,2231,1,1
884,34.8,16.8,45.7,2348,0,0
772,77.3,56.7,26.8,1758,0,0
365,136.8,2.3,14.9,1258,1,1
224,88.3,2.3,2.8,241,1,1
665,75.8,59.5,27.8,2101,0,0
471,56.5,19.9,7.1,1910,1,1
233,127.2,48.9,24.9,2080,0,0
1005,25.9,53.6,27.8,1510,0,0
842,144.4,51.0,25.8,1684,0,0
671,35.5,18.6,8.7,2231,1,1
531,74.1,4.3,2.8,648,1,1
444,48.3,36.8,25.0,1889,0,0
733,31.3,15.9,46.1,1230,0,0
597,4.0,12.4,18.1,2328,1,1
559,136.2,5.4,13.5,997,1,1
119,133.3,37.9,16.9,1658,0,0
355,141.2,14.4,7.7,1712,1,1
346,57.6,9.3,2.3,1581,1,1
346,57.6,9.3,2.3,1581,1,1
1030,47.4,49.1,11.8,1209,0,0
328,40.9,2.7,5.3,799,1,1
433,104.9,23.4,10.8,1025,1,1
890,28.5,57.5,20.7,920,0,0
440,91.3,43.4,23.9,98,0,0
299,19.6,13.1,17.2,183,1,1
485,70.0,10.0,3.0,215,1,1
692,139.8,44.5,49.8,1127,0,0
551,0.4,6.7,6.3,2053,1,1
277,103.5,15.0,3.7,1151,1,1
232,31.3,4.3,10.5,326,1,1
1145,55.2,51.3,19.2,1104,0,0
874,128.3,56.8,5.2,2039,0,0
375,142.9,11.7,15.2,1160,1,1
336,15.3,48.1,35.1,121,0,0
210,86.5,22.4,16.9,1633,1,1
969,94.3,38.8,13.0,1503,0,0
174,9.7,21.3,12.8,657,1,1
636,123.0,9.1,7.6,1995,1,1
1051,134.1,21.9,45.6,992,0,0
439,85.9,10.2,39.6,1285,0,0
225,118.2,12.8,6.7,983,1,1
1016,26.2,27.6,38.4,1209,0,0
397,137.0,13.5,47.6,394,0,0
671,35.5,18.6,8.7,2231,1,1
657,88.0,6.8,11.6,261,1,1
614,36.9,13.3,12.7,2233,1,1
577,86.7,52.9,6.2,2033,0,0
635,47.4,24.1,2.1,1088,1,1
526,122.4,15.4,4.2,369,1,1
729,123.0,0.2,43.4,2055,0,0
359,117.8,26.6,23.9,1070,0,0
213,42.0,53.7,2.9,813,0,0
578,135.3,7.4,18.7,1156,1,1
557,68.3,19.6,21.5,1949,0,0
1122,112.3,44.6,16.1,673,0,0
471,68.1,11.8,13.8,1736,1,1
968,23.8,26.7,2.6,1191,0,0
1067,47.0,13.0,20.6,921,0,0
569,98.8,26.7,25.0,605,0,0
842,123.4,13.4,36.6,1620,0,0
350,29.0,15.2,6.0,948,1,1
552,47.2,25.1,13.3,2204,0,0
740,140.0,6.3,31.5,245,0,0
481,9.7,36.0,41.7,1332,0,0
636,123.0,9.1,7.6,1995,1,1
911,38.3,52.5,7.3,1615,0,0
621,118.9,15.3,19.1,852,1,1
536,9.0,22.2,7.6,1310,1,1
379,133.0,1.1,3.6,364,1,1
559,136.2,5.4,13.5,997,1,1
251,8.8,29.8,43.1,299,0,0
634,9.9,19.9,6.8,772,1,1
230,107.7,47.8,18.0,919,0,0
531,74.1,4.3,2.8,648,1,1
547,66.4,39.6,30.1,1805,0,0
306,66.9,19.8,8.6,1416,1,1
1076,58.3,38.5,35.2,2391,0,0
1001,90.1,7.9,33.8,567,0,0
597,4.0,12.4,18.1,2328,1,1
344,114.1,21.7,1.4,825,1,1
381,25.6,35.1,9.4,883,0,0
132,69.1,3.1,19.1,2469,1,1
883,48.9,6.4,27.0,2359,0,0
515,49.7,5.5,16.0,642,1,1
322,80.4,24.5,17.3,2002,1,1
671,35.5,18.6,8.7,2231,1,1
572,63.4,26.7,19.0,1400,0,0
328,99.7,9.2,4.8,80,1,1
275,23.0,4.1,4.9,1179,1,1
752,21.4,29.2,1.1,2065,0,0
331,43.5,46.8,8.0,1242,0,0
346,57.6,9.3,2.3,1581,1,1
794,36.9,20.7,36.9,1839,0,0
884,41.3,32.4,2.5,2465,0,0
302,60.2,35.1,6.2,2155,0,0
328,45.2,17.6,48.2,1271,0,0
669,39.1,14.6,24.4,731,0,0
120,74.4,10.6,7.4,1436,1,1
305,61.1,34.5,17.8,2395,0,0
806,74.4,5.0,17.6,570,0,0
374,134.4,10.4,8.3,714,1,1
333,130.0,16.6,19.0,2416,1,1
399,92.9,38.9,37.7,162,0,0
930,80.5,14.6,14.6,1564,0,0
1032,89.2,48.8,11.1,2365,0,0
205,124.8,40.5,10.5,1535,0,0
376,136.0,4.9,8.1,1118,1,1
304,127.4,23.2,10.4,1065,1,1
140,104.8,44.5,13.9,2396,0,0
691,137.2,18.7,0.0,2424,1,1
353,58.7,49.5,40.4,133,0,0
992,144.3,36.9,15.3,293,0,0
332,7.5,10.3,15.4,2265,1,1
1191,62.0,34.3,17.5,1274,0,0
433,104.9,23.4,10.8,1025,1,1
219,21.9,13.4,6.1,182,1,1
223,48.8,22.7,18.4,2171,1,1
406,115.5,8.2,14.6,1868,1,1
577,29.7,1.1,30.1,1851,0,0
398,6.8,2.8,10.5,2328,1,1
336,104.2,18.6,24.3,2262,0,0
154,32.1,4.2,15.4,1032,1,1
224,88.3,2.3,2.8,241,1,1
593,107.6,13.3,38.2,853,0,0
1080,149.5,23.1,33.2,331,0,0
333,130.0,16.6,19.0,2416,1,1
311,69.1,41.3,49.3,2374,0,0
736,26.1,58.0,2.8,2239,0,0
1110,108.7,3.5,40.1,350,0,0
240,73.5,4.8,23.8,2345,0,0
1077,24.5,34.5,10.0,655,0,0
648,108.6,23.5,3.0,2469,1,1
1035,96.4,2.2,16.4,759,0,0
672,126.3,2.3,1.4,821,1,1
983,88.9,48.4,25.3,74,0,0
1069,71.7,7.0,42.0,2388,0,0
469,128.1,6.6,9.8,441,1,1
148,58.4,29.4,11.8,1504,0,0
544,138.8,16.2,9.0,993,1,1
456,40.8,45.1,10.9,2000,0,0
921,15.6,50.3,9.7,195,0,0
375,142.9,11.7,15.2,1160,1,1
289,141.9,15.3,1.8,108,1,1
177,24.4,12.9,13.6,1612,1,1
168,4.0,23.1,34.9,1477,0,0
698,19.6,0.8,1.0,1700,1,1
120,30.9,31.7,36.6,1858,0,0
402,144.2,0.8,1.2,2308,1,1
873,64.8,48.2,43.4,380,0,0
790,35.5,20.3,8.2,2180,0,0
151,94.9,1.1,18.9,1902,1,1
1175,31.3,22.0,26.3,2065,0,0
565,78.3,8.9,5.2,805,1,1
230,74.6,3.1,38.9,2058,0,0
223,48.8,22.7,18.4,2171,1,1
556,18.1,30.8,19.5,2069,0,0
1166,139.5,3.4,43.7,871,0,0
398,6.8,2.8,10.5,2328,1,1
469,60.4,18.4,8.1,342,1,1
331,38.6,15.7,7.3,238,1,1
420,41.6,13.0,1.9,257,1,1
221,118.1,19.6,48.3,599,0,0
602,94.9,22.6,17.6,2438,1,1
203,63.2,24.0,3.5,483,1,1
1156,45.5,33.5,13.7,1096,0,0
621,118.9,15.3,19.1,852,1,1
648,108.6,23.5,3.0,2469,1,1
419,42.9,42.7,29.1,1192,0,0
450,77.2,53.2,28.6,1315,0,0
220,60.1,6.8,27.3,136,0,0
296,136.1,5.0,17.9,119,1,1
131,111.4,6.8,22.6,2004,0,0
504,68.7,15.8,17.8,1833,1,1
776,116.5,51.5,0.4,99,0,0
235,18.0,48.1,46.2,2499,0,0
477,0.0,11.1,41.5,533,0,0
370,34.9,5.1,16.0,2309,1,1
186,137.2,8.7,14.2,2293,1,1
296,136.1,5.0,17.9,119,1,1
341,77.7,0.1,9.0,398,1,1
768,30.7,57.7,26.9,1049,0,0
384,92.6,17.4,25.7,497,0,0
473,94.6,9.9,17.8,772,1,1
277,103.5,15.0,3.7,1151,1,1
200,18.6,5.6,18.5,1310,1,1
671,35.5,18.6,8.7,2231,1,1
319,43.3,16.4,14.5,1725,1,1
277,45.5,2.9,16.7,590,1,1
473,94.6,9.9,17.8,772,1,1
616,84.1,38.9,1.8,2374,0,0
1094,12.7,10.9,48.4,2141,0,0
410,41.7,20.5,9.1,1998,1,1
383,60.5,14.8,15.9,1544,1,1
224,29.7,18.7,38.4,877,0,0
565,78.3,8.9,5.2,805,1,1
423,144.1,12.4,18.3,2489,1,1
317,28.8,56.9,36.7,1248,0,0
463,4.8,41.9,41.1,895,0,0
226,69.6,18.9,16.6,422,1,1
742,115.0,25.3,43.7,1362,0,0
1178,65.0,4.5,20.3,1308,0,0
565,6.6,53.0,35.7,472,0,0
484,130.3,0.1,1.6,411,1,1
722,19.6,14.4,37.5,2071,0,0
327,33.5,20.4,48.2,96,0,0
304,127.4,23.2,10.4,1065,1,1
565,78.3,8.9,5.2,805,1,1
622,99.0,51.9,20.9,303,0,0
1055,100.7,45.8,15.4,100,0,0
513,84.3,4.1,19.7,1340,1,1
420,41.6,13.0,1.9,257,1,1
180,19.7,49.0,36.9,1186,0,0
244,89.1,46.9,4.7,1977,0,0
516,54.5,18.5,7.4,2377,1,1
219,21.9,13.4,6.1,182,1,1
968,84.9,48.7,27.3,381,0,0
526,9.3,44.1,2.7,1779,0,0
808,95.3,51.3,14.0,181,0,0
149,142.3,6.4,13.4,110,1,1
196,27.2,24.0,18.2,2467,1,1
661,116.0,13.5,19.1,2128,1,1
185,95.2,23.8,0.4,1608,1,1
403,91.3,56.7,38.4,2400,0,0
908,81.8,49.9,25.4,2332,0,0
282,99.7,7.4,2.8,2381,1,1
870,102.9,0.0,43.2,1608,0,0
494,99.4,15.8,19.6,415,1,1
278,134.4,40.7,32.7,1898,0,0
602,94.9,22.6,17.6,2438,1,1
304,127.4,23.2,10.4,1065,1,1
1094,43.1,24.1,13.5,417,0,0
867,24.8,49.3,36.1,65,0,0
226,69.6,18.9,16.6,422,1,1
641,27.2,14.6,4.8,1507,1,1
143,94.5,15.7,13.0,348,1,1
375,142.9,11.7,15.2,1160,1,1
985,119.0,2.7,22.1,1476,0,0
339,141.8,42.9,22.4,1436,0,0
225,61.1,39.8,17.6,322,0,0
116,139.0,1.8,0.8,2188,1,1
879,0.3,25.6,9.6,1287,0,0
614,36.9,13.3,12.7,2233,1,1
519,38.0,31.1,14.2,1015,0,0
558,149.2,17.1,15.6,1442,1,1
980,87.1,30.5,49.8,1505,0,0
172,110.6,0.5,13.2,354,1,1
698,19.6,0.8,1.0,1700,1,1
132,69.1,3.1,19.1,2469,1,1
122,110.3,8.9,3.0,869,1,1
702,81.6,11.3,2.3,2216,0,0
490,56.6,32.9,49.3,2050,0,0
154,32.1,4.2,15.4,1032,1,1
313,83.1,47.7,42.1,144,0,0
669,91.7,17.9,17.0,764,1,1
698,25.6,13.5,12.3,178,1,1
901,59.7,19.0,17.4,2162,0,0
883,49.1,42.2,33.0,110,0,0
227,6.6,13.5,20.6,2089,0,0
602,104.5,29.7,49.3,1451,0,0
648,77.1,45.9,26.7,2302,0,0
664,36.3,17.8,11.3,1528,1,1
506,50.5,5.2,9.2,983,1,1
868,125.7,34.8,12.1,1543,0,0
176,144.7,44.5,16.1,1581,0,0
154,32.1,4.2,15.4,1032,1,1
478,83.6,2.7,10.1,322,1,1
479,43.3,15.8,15.3,1151,1,1
540,139.0,2.7,5.4,1490,1,1
636,123.0,9.1,7.6,1995,1,1
607,39.8,13.9,14.5,1880,1,1
153,79.0,23.3,8.5,1581,1,1
342,148.9,0.5,5.6,215,1,1
994,48.9,20.2,4.8,610,0,0
172,148.7,57.0,0.5,1781,0,0
296,136.1,5.0,17.9,119,1,1
644,96.5,50.3,22.8,882,0,0
519,97.4,14.4,11.5,327,1,1
767,94.5,25.3,30.1,2091,0,0
350,29.0,15.2,6.0,948,1,1
545,96.3,9.8,16.0,233,1,1
122,110.3,8.9,3.0,869,1,1
691,137.2,18.7,0.0,2424,1,1
454,28.1,55.3,27.5,1255,0,0
138,44.8,22.3,9.7,2271,1,1
